pos,wt,best_delta,n_better,n_better_syn,n_better_nonsyn
1,ATG,0.7552,8,0,8
2,CGA,2.9078,58,3,55
3,GTG,0.3383,4,0,4
4,TTG,1.5897,29,2,27
5,AAG,1.7701,40,1,39
6,TTC,1.2638,31,1,30
7,GGC,0.4117,3,0,3
8,GGT,1.1882,19,1,18
9,ACA,1.9832,46,3,43
10,TCA,2.3009,55,5,50
11,GTG,0.2806,2,0,2
12,GCA,1.1326,19,2,17
13,AAT,1.3238,25,1,24
14,GCA,0.8849,17,2,15
15,GAA,0.0188,1,0,1
16,CGT,1.6063,19,0,19
17,TTT,0.92,17,0,17
18,CTG,0.0,0,0,0
19,CGT,1.7419,20,1,19
20,GTT,0.6966,11,1,10
21,GCC,0.7557,13,1,12
22,GAT,0.5076,8,0,8
23,ATT,0.6497,6,1,5
24,CTG,0.4853,2,0,2
25,GAA,0.7947,1,0,1
26,AGC,1.922,26,0,26
27,AAT,1.1514,25,0,25
28,GCC,0.5402,9,1,8
29,AGG,3.6884,60,5,55
30,CAG,0.6371,5,0,5
31,GGG,1.4135,27,2,25
32,CAG,0.7762,13,0,13
33,GTG,0.4907,5,0,5
34,GCC,1.0183,14,1,13
35,ACC,0.6184,10,0,10
36,GTC,1.516,30,2,28
37,CTC,1.5623,39,3,36
38,TCT,1.9535,49,4,45
39,GCC,0.8265,12,1,11
40,CCC,2.2709,52,3,49
41,GCC,0.6512,10,1,9
42,AAA,0.4959,10,0,10
43,ATC,0.8223,6,1,5
44,ACC,0.8039,10,0,10
45,AAC,0.9631,18,0,18
46,CAC,2.0582,46,1,45
47,CTG,0.0513,1,0,1
48,GTG,1.2352,3,0,3
49,GCG,0.544,5,0,5
50,ATG,0.973,7,0,7
51,ATT,0.4669,3,0,3
52,GAA,0.4804,1,0,1
53,AAA,0.9466,4,0,4
54,ACC,1.3925,15,0,15
55,ATT,0.2939,4,0,4
56,AGC,1.6408,24,0,24
57,GGC,0.5761,6,0,6
58,CAG,1.0383,14,0,14
59,GAT,0.7901,5,0,5
60,GCT,1.1583,23,3,20
61,TTA,1.1586,26,1,25
62,CCC,2.2655,53,3,50
63,AAT,1.2155,26,0,26
64,ATC,0.4854,5,1,4
65,AGC,1.421,25,0,25
66,GAT,0.3445,6,0,6
67,GCC,1.024,13,1,12
68,GAA,0.222,2,0,2
69,CGT,1.5015,17,0,17
70,ATT,0.4517,4,0,4
71,TTT,0.9621,11,0,11
72,GCC,0.6394,12,1,11
73,GAA,0.1393,2,0,2
74,CTT,2.3693,40,4,36
75,TTG,1.063,27,2,25
76,ACG,1.4672,31,1,30
77,GGA,2.0785,49,3,46
78,CTC,1.3888,33,3,30
79,GCC,0.5246,8,1,7
80,GCC,0.0,0,0,0
81,GCC,0.0,0,0,0
82,CAG,0.7417,12,0,12
83,CCG,1.0201,13,0,13
84,GGG,1.6438,34,2,32
85,TTC,1.3525,32,1,31
86,CCG,0.8881,15,0,15
87,CTG,0.0058,1,0,1
88,GCG,1.1654,2,0,2
89,CAA,1.653,26,1,25
90,TTG,1.4642,29,2,27
91,AAA,0.5034,7,0,7
92,ACT,2.1045,41,2,39
93,TTC,1.5091,32,1,31
94,GTC,1.5274,31,2,29
95,GAT,0.3525,6,0,6
96,CAG,0.7938,8,0,8
97,GAA,0.2347,1,0,1
98,TTT,1.5265,15,0,15
99,GCC,0.8905,17,2,15
100,CAA,1.2593,26,1,25
101,ATA,2.0991,52,2,50
102,AAA,0.2014,3,0,3
103,CAT,2.0527,36,0,36
104,GTC,1.4394,36,3,33
105,CTG,0.0,0,0,0
106,CAT,2.5505,39,0,39
107,GGC,0.6339,10,0,10
108,ATT,0.394,3,0,3
109,AGT,2.3159,44,1,43
110,TTG,1.257,29,1,28
111,TTG,0.5531,9,1,8
112,GGG,1.6035,37,2,35
113,CAG,0.5107,11,0,11
114,TGC,2.2834,51,1,50
115,CCG,0.9202,13,0,13
116,GAT,0.5238,6,0,6
117,AGC,1.5846,29,0,29
118,ATC,0.355,4,1,3
119,AAC,1.19,21,1,20
120,GCT,1.0751,21,3,18
121,GCG,0.3143,3,0,3
122,CTG,0.4003,1,0,1
123,ATT,1.2391,2,0,2
124,TGC,2.4272,51,0,51
125,CGT,0.9481,18,0,18
126,GGC,0.3342,6,0,6
127,GAG,1.369,25,1,24
128,AAA,0.5769,9,0,9
129,ATG,0.8327,7,0,7
130,TCG,2.1579,48,3,45
131,ATC,0.4718,4,1,3
132,GCC,0.9051,12,2,10
133,ATT,0.2362,4,0,4
134,ATG,0.9466,8,0,8
135,GCC,1.0598,13,1,12
136,GGC,0.422,7,0,7
137,GTA,1.8119,38,3,35
138,TTA,1.4801,37,2,35
139,GAA,0.2261,1,0,1
140,GCG,1.1648,7,0,7
141,CGC,1.4801,21,1,20
142,GGT,0.8078,15,1,14
143,CAC,2.1168,42,1,41
144,AAC,1.1272,24,1,23
145,GTT,0.9192,17,1,16
146,ACT,1.5644,37,2,35
147,GTT,0.9719,14,1,13
148,ATC,0.2691,4,0,4
149,GAT,0.5503,6,0,6
150,CCG,1.0813,11,0,11
151,GTC,1.6462,35,2,33
152,GAA,0.0,0,0,0
153,AAA,1.0467,5,0,5
154,CTG,0.3798,1,0,1
155,CTG,0.0,0,0,0
156,GCA,1.638,12,1,11
157,GTG,0.5492,7,0,7
158,GGG,1.6023,29,2,27
159,CAT,1.858,41,0,41
160,TAC,1.3777,33,1,32
161,CTC,1.5802,40,4,36
162,GAA,0.0081,1,0,1
163,TCT,2.6,44,1,43
164,ACC,0.7235,12,0,12
165,GTC,1.4167,27,2,25
166,GAT,0.2866,2,0,2
167,ATT,0.9148,6,0,6
168,GCT,1.2953,18,3,15
169,GAG,1.3043,23,1,22
170,TCC,2.3846,52,4,48
171,ACC,0.7526,9,0,9
172,CGC,1.3837,23,1,22
173,CGT,0.9323,16,1,15
174,ATT,0.1131,2,0,2
175,GCG,0.5833,3,0,3
176,GCA,1.2965,19,2,17
177,AGC,1.3246,24,0,24
178,CGC,0.8601,16,0,16
179,ATT,0.4336,5,0,5
180,CCG,1.261,16,0,16
181,GCT,1.1092,18,3,15
182,GAT,0.6822,10,0,10
183,CAC,2.2504,51,1,50
184,ATG,0.3968,7,0,7
185,GTG,0.7239,8,0,8
186,CTG,0.2263,2,0,2
187,ATG,1.4685,8,0,8
188,GCA,1.1391,15,2,13
189,GGT,0.953,17,1,16
190,TTC,1.319,25,1,24
191,ACC,0.8354,15,0,15
192,GCC,0.6011,8,1,7
193,GGT,0.9342,14,1,13
194,AAT,1.3249,25,1,24
195,GAA,0.1774,2,0,2
196,AAA,1.1667,5,0,5
197,GGC,0.8411,6,0,6
198,GAA,0.321,1,0,1
199,CTG,0.4446,1,0,1
200,GTG,1.255,4,0,4
201,GTG,0.0,0,0,0
202,CTT,1.9262,40,4,36
203,GGA,2.017,49,3,46
204,CGC,1.0009,16,0,16
205,AAC,1.2373,22,0,22
206,GGT,0.9541,16,1,15
207,TCC,2.2028,54,5,49
208,GAC,0.9362,23,1,22
209,TAC,1.3446,29,1,28
210,TCT,1.9061,47,4,43
211,GCT,1.1507,25,3,22
212,GCG,0.244,3,0,3
213,GTG,0.8245,6,0,6
214,CTG,0.1258,1,0,1
215,GCT,2.0816,22,3,19
216,GCC,0.9602,16,2,14
217,TGT,2.1205,51,0,51
218,TTA,1.2164,30,2,28
219,CGC,0.9954,20,1,19
220,GCC,0.6536,11,1,10
221,GAT,0.6464,10,0,10
222,TGT,2.3067,54,1,53
223,TGC,2.1536,50,1,49
224,GAG,1.1942,22,1,21
225,ATT,0.4517,3,0,3
226,TGG,1.8631,33,0,33
227,ACG,1.2718,26,1,25
228,GAC,1.2173,24,1,23
229,GTT,0.8966,16,1,15
230,GAC,1.0642,20,1,19
231,GGG,1.4161,33,2,31
232,GTC,1.5581,35,2,33
233,TAT,0.927,22,0,22
234,ACC,0.8199,12,0,12
235,TGC,2.4709,55,1,54
236,GAC,1.3045,25,1,24
237,CCG,0.9021,17,0,17
238,CGT,0.9636,16,0,16
239,CAG,0.711,13,0,13
240,GTG,0.4755,4,0,4
241,CCC,2.2844,51,3,48
242,GAT,0.4804,6,0,6
243,GCG,0.5014,3,0,3
244,AGG,4.1177,61,5,56
245,TTG,1.3268,33,1,32
246,TTG,0.3058,4,1,3
247,AAG,1.707,40,1,39
248,TCG,1.8335,43,2,41
249,ATG,0.4504,7,0,7
250,TCC,2.2817,51,4,47
251,TAC,1.0063,23,1,22
252,CAG,0.7811,15,0,15
253,GAA,0.1033,1,0,1
254,GCG,0.9872,5,0,5
255,ATG,0.8669,8,0,8
256,GAG,1.7348,34,1,33
257,CTT,1.897,41,4,37
258,TCC,1.8738,45,3,42
259,TAC,1.2731,29,1,28
260,TTC,1.3664,33,1,32
261,GGC,0.5386,7,0,7
262,GCT,1.1766,17,3,14
263,AAA,0.5044,7,0,7
264,GTT,1.3066,18,1,17
265,CTT,2.0458,45,4,41
266,CAC,1.9419,48,1,47
267,CCC,2.3108,54,3,51
268,CGC,0.8612,14,0,14
269,ACC,0.8828,14,0,14
270,ATT,0.4498,4,0,4
271,ACC,1.1149,12,0,12
272,CCC,2.4697,56,3,53
273,ATC,0.6215,9,1,8
274,GCC,0.8768,12,1,11
275,CAG,0.6022,11,0,11
276,TTC,1.6644,32,1,31
277,CAG,0.7048,11,0,11
278,ATC,0.8605,11,1,10
279,CCT,2.05,43,1,42
280,TGC,2.1538,54,1,53
281,CTG,0.0,0,0,0
282,ATT,1.2296,3,0,3
283,AAA,0.8968,9,0,9
284,AAT,1.5165,22,1,21
285,ACC,0.7823,13,0,13
286,GGA,2.4064,53,3,50
287,AAT,1.2108,22,1,21
288,CCT,2.0153,45,2,43
289,CAA,1.1808,26,1,25
290,GCA,0.7439,13,1,12
291,CCA,2.1146,45,1,44
292,GGT,1.003,20,1,19
293,ACG,1.3386,25,1,24
294,CTC,1.6649,38,3,35
295,ATT,0.2723,3,0,3
296,GGT,1.1911,15,1,14
297,GCC,0.7499,12,1,11
298,AGC,1.3311,25,0,25
299,CGT,1.0828,21,1,20
300,GAT,0.5174,9,0,9
301,GAA,0.3494,2,0,2
302,GAC,1.8259,22,1,21
303,GAA,0.0,0,0,0
304,TTA,2.0914,27,1,26
305,CCG,1.023,16,0,16
306,GTC,1.6018,33,2,31
307,AAG,1.7946,43,1,42
308,GGC,0.6095,9,0,9
309,ATT,0.4019,3,0,3
310,TCC,2.5931,53,4,49
311,AAT,1.1932,27,1,26
312,CTG,0.0,0,0,0
313,AAT,2.085,22,1,21
314,AAC,0.9489,17,1,16
315,ATG,0.583,8,0,8
316,GCA,1.1885,15,2,13
317,ATG,0.6759,9,0,9
318,TTC,1.6255,27,1,26
319,AGC,1.5119,31,0,31
320,GTT,1.0161,18,1,17
321,TCT,1.9807,42,1,41
322,GGT,1.0132,18,1,17
323,CCG,1.0319,19,0,19
324,GGG,1.6284,34,2,32
325,ATG,0.4532,7,0,7
326,AAA,0.6899,6,0,6
327,GGG,1.7292,28,2,26
328,ATG,0.4563,7,0,7
329,GTC,1.7197,33,2,31
330,GGC,0.6454,11,0,11
331,ATG,0.631,5,0,5
332,GCG,0.5601,4,0,4
333,GCG,0.0,0,0,0
334,CGC,1.3133,19,0,19
335,GTC,1.514,33,2,31
336,TTT,0.8793,14,0,14
337,GCA,0.9491,18,3,15
338,GCG,0.4691,4,1,3
339,ATG,0.9283,8,0,8
340,TCA,2.6601,55,5,50
341,CGC,0.9027,14,0,14
342,GCC,0.7771,12,1,11
343,CGT,1.0675,21,1,20
344,ATT,0.289,4,0,4
345,TCC,2.5725,53,4,49
346,GTG,0.2889,4,0,4
347,GTG,0.0,0,0,0
348,CTG,0.104,1,0,1
349,ATT,1.231,3,0,3
350,ACG,1.8392,32,1,31
351,CAA,1.3009,26,1,25
352,TCA,2.1901,53,5,48
353,TCT,1.8938,44,2,42
354,TCC,1.9509,47,4,43
355,GAA,0.0545,1,0,1
356,TAC,2.246,37,1,36
357,AGC,1.353,31,0,31
358,ATC,0.556,7,1,6
359,AGT,2.1425,47,3,44
360,TTC,1.4305,33,1,32
361,TGC,2.1427,48,0,48
362,GTT,1.062,21,1,20
363,CCA,1.7654,40,1,39
364,CAA,1.3901,34,1,33
365,AGC,1.3557,29,0,29
366,GAC,1.0753,20,1,19
367,TGT,2.0965,51,0,51
368,GTG,0.297,4,0,4
369,CGA,2.8998,58,3,55
370,GCT,0.9728,18,3,15
371,GAA,0.0524,1,0,1
372,CGG,2.9384,52,2,50
373,GCA,0.8737,15,2,13
374,ATG,0.6715,9,0,9
375,CAG,0.8883,10,0,10
376,GAA,0.2134,1,0,1
377,GAG,2.1068,29,1,28
378,TTC,1.5314,31,1,30
379,TAC,1.6305,36,1,35
380,CTG,0.0205,1,0,1
381,GAA,0.7562,1,0,1
382,CTG,0.4865,1,0,1
383,AAA,1.4613,8,0,8
384,GAA,0.2487,1,0,1
385,GGC,1.3021,10,0,10
386,TTA,1.5676,26,1,25
387,CTG,0.0,0,0,0
388,GAG,2.4117,30,1,29
389,CCG,1.0106,19,0,19
390,CTG,0.0,0,0,0
391,GCA,1.7344,14,2,12
392,GTG,0.5409,6,0,6
393,ACG,1.6857,34,1,33
394,GAA,0.0648,1,0,1
395,CGG,2.912,52,2,50
396,CTG,0.0,0,0,0
397,GCC,1.6717,12,1,11
398,ATT,0.3103,3,0,3
399,ATC,0.7855,5,1,4
400,TCG,2.0811,46,2,44
401,GTG,0.4846,7,0,7
402,GTA,1.7366,36,3,33
403,GGT,0.8972,18,1,17
404,GAT,0.4357,6,0,6
405,GGT,1.25,17,1,16
406,ATG,0.6182,8,0,8
407,CGC,1.1222,14,0,14
408,ACC,0.881,14,0,14
409,TTG,1.5338,30,2,28
410,CGT,1.0559,20,1,19
411,GGG,1.5822,35,2,33
412,ATC,0.5232,9,1,8
413,TCG,2.1002,46,2,44
414,GCG,0.1693,2,0,2
415,AAA,0.9164,8,0,8
416,TTC,1.6713,26,1,25
417,TTT,0.9764,19,1,18
418,GCC,0.8559,13,1,12
419,GCA,0.9108,15,2,13
420,CTG,0.0,0,0,0
421,GCC,1.6559,12,1,11
422,CGC,0.9912,19,0,19
423,GCC,0.7761,12,1,11
424,AAT,1.2402,23,1,22
425,ATC,0.4754,6,1,5
426,AAC,1.1122,21,0,21
427,ATT,0.3481,5,0,5
428,GTC,1.7864,31,2,29
429,GCC,0.6663,12,1,11
430,ATT,0.3179,3,0,3
431,GCT,1.1522,14,2,12
432,CAG,0.5491,9,0,9
433,GGA,2.4676,53,3,50
434,TCT,1.9581,44,1,43
435,TCT,1.1404,21,0,21
436,GAA,0.101,1,0,1
437,CGC,1.6929,20,0,20
438,TCA,2.3212,54,5,49
439,ATC,0.476,7,1,6
440,TCT,2.0065,42,1,41
441,GTC,1.3381,29,2,27
442,GTG,0.3429,5,0,5
443,GTA,1.6992,36,3,33
444,AAT,1.1402,23,1,22
445,AAC,0.9328,16,1,15
446,GAT,0.2979,4,0,4
447,GAT,0.0,0,0,0
448,GCG,0.6281,3,0,3
449,ACC,1.0255,11,0,11
450,ACT,1.9271,39,2,37
451,GGC,0.7247,9,0,9
452,GTG,0.6917,8,0,8
453,CGC,1.164,17,0,17
454,GTT,1.2228,21,1,20
455,ACT,1.7485,39,2,37
456,CAT,1.6637,37,0,37
457,CAG,0.5898,11,0,11
458,ATG,0.8094,8,0,8
459,CTG,0.2955,2,0,2
460,TTC,2.3943,31,1,30
461,AAT,1.1966,23,1,22
462,ACC,0.792,13,0,13
463,GAT,0.5847,6,0,6
464,CAG,0.9685,9,0,9
465,GTT,1.2921,21,1,20
466,ATC,0.5451,7,1,6
467,GAA,0.0672,1,0,1
468,GTG,0.9994,3,0,3
469,TTT,1.1402,16,0,16
470,GTG,0.5324,7,0,7
471,ATT,0.3811,3,0,3
472,GGC,0.9112,10,0,10
473,GTC,1.6922,34,3,31
474,GGT,0.9479,18,1,17
475,GGC,0.7545,13,1,12
476,GTT,1.338,22,1,21
477,GGC,0.812,13,0,13
478,GGT,1.2022,19,1,18
479,GCG,0.3416,4,0,4
480,CTG,0.2665,1,0,1
481,CTG,0.0,0,0,0
482,GAG,2.3533,30,1,29
483,CAA,1.5264,31,1,30
484,CTG,0.0,0,0,0
485,AAG,2.7398,40,1,39
486,CGT,0.8874,18,1,17
487,CAG,0.6058,11,0,11
488,CAA,1.5203,26,1,25
489,AGC,1.3559,29,0,29
490,TGG,1.5197,35,0,35
491,CTG,0.0,0,0,0
492,AAG,2.7487,40,1,39
493,AAT,1.2871,29,1,28
494,AAA,0.502,8,0,8
495,CAT,1.8938,36,0,36
496,ATC,0.449,6,1,5
497,GAC,1.2521,23,1,22
498,TTA,1.3596,28,1,27
499,CGT,1.1268,21,1,20
500,GTC,1.3776,28,2,26
501,TGC,2.3839,56,1,55
502,GGT,0.87,14,1,13
503,GTT,1.0593,20,1,19
504,GCC,0.7877,12,1,11
505,AAC,0.9294,16,0,16
506,TCG,1.9544,45,2,43
507,AAG,1.8257,42,1,41
508,GCT,0.8572,16,3,13
509,CTG,0.0,0,0,0
510,CTC,2.5364,38,3,35
511,ACC,0.611,10,0,10
512,AAT,1.4446,24,1,23
513,GTA,1.4902,34,3,31
514,CAT,1.4482,34,0,34
515,GGC,0.5715,9,0,9
516,CTT,2.1596,43,4,39
517,AAT,1.2738,26,1,25
518,CTG,0.0,0,0,0
519,GAA,0.7768,1,0,1
520,AAC,1.5594,17,0,17
521,TGG,1.4184,28,0,28
522,CAG,0.5847,7,0,7
523,GAA,0.2036,1,0,1
524,GAA,0.0,0,0,0
525,CTG,0.5135,1,0,1
526,GCG,1.1381,2,0,2
527,CAA,1.6861,25,1,24
528,GCC,0.7509,15,2,13
529,AAA,0.5819,10,0,10
530,GAG,1.7707,33,1,32
531,CCG,1.0108,19,0,19
532,TTT,0.9034,14,0,14
533,AAT,1.2228,22,1,21
534,CTC,1.7314,38,3,35
535,GGG,1.357,33,2,31
536,CGC,0.8774,16,0,16
537,TTA,1.3854,25,1,24
538,ATT,0.3769,2,0,2
539,CGC,1.3036,18,0,18
540,CTC,1.6277,36,3,33
541,GTG,0.301,4,0,4
542,AAA,0.6133,6,0,6
543,GAA,0.2476,1,0,1
544,TAT,2.1269,29,0,29
545,CAT,1.6917,36,0,36
546,CTG,0.0,0,0,0
547,CTG,0.0,0,0,0
548,AAC,1.8411,20,0,20
549,CCG,1.031,20,0,20
550,GTC,1.5996,30,3,27
551,ATT,0.3224,3,0,3
552,GTT,1.3974,20,1,19
553,GAC,1.1875,22,1,21
554,TGC,2.2017,53,1,52
555,ACT,1.735,41,2,39
556,TCC,2.2247,49,4,45
557,AGC,1.43,36,1,35
558,CAG,0.5448,6,0,6
559,GCA,1.1352,15,3,12
560,GTG,0.5232,7,0,7
561,GCG,0.5221,4,0,4
562,GAT,0.7232,4,0,4
563,CAA,1.6385,24,1,23
564,TAT,1.239,25,0,25
565,GCC,0.7616,13,1,12
566,GAC,1.1,22,1,21
567,TTC,1.4071,31,1,30
568,CTG,0.0795,1,0,1
569,CGC,1.796,16,0,16
570,GAA,0.1758,1,0,1
571,GGT,1.547,14,1,13
572,TTC,1.3395,24,1,23
573,CAC,2.0425,46,1,45
574,GTT,0.9503,17,1,16
575,GTC,1.419,26,2,24
576,ACG,1.3852,32,1,31
577,CCG,0.9017,18,0,18
578,AAC,1.1328,20,0,20
579,AAA,0.6027,9,0,9
580,AAG,2.2231,44,1,43
581,GCC,0.6148,10,1,9
582,AAC,0.9357,16,0,16
583,ACC,0.7282,13,0,13
584,TCG,2.2047,47,2,45
585,TCG,1.2012,22,0,22
586,ATG,0.4197,5,0,5
587,GAT,0.622,5,0,5
588,TAC,1.861,35,1,34
589,TAC,0.8498,14,0,14
590,CAT,1.6384,36,0,36
591,CAG,0.6048,11,0,11
592,TTG,1.5475,28,2,26
593,CGT,1.0643,20,1,19
594,TAT,1.3138,25,0,25
595,GCG,0.446,3,0,3
596,GCG,0.0,0,0,0
597,GAA,0.4135,2,0,2
598,AAA,1.145,7,0,7
599,TCG,2.2135,43,2,41
600,CGG,2.2919,52,2,50
601,CGT,0.9128,18,0,18
602,AAA,0.4802,6,0,6
603,TTC,1.6702,26,1,25
604,CTC,1.6849,37,2,35
605,TAT,1.1744,25,0,25
606,GAC,1.178,23,1,22
607,ACC,0.5469,10,0,10
608,AAC,1.1108,17,0,17
609,GTT,1.0045,19,1,18
610,GGG,1.5394,32,2,30
611,GCT,0.9477,19,3,16
612,GGA,2.1675,49,3,46
613,TTA,1.4058,29,1,28
614,CCG,1.0185,16,0,16
615,GTT,1.0341,19,1,18
616,ATT,0.4075,3,0,3
617,GAG,1.7701,30,1,29
618,AAC,0.9363,15,0,15
619,CTG,0.014,1,0,1
620,CAA,2.384,29,1,28
621,AAT,1.1727,24,1,23
622,CTG,0.0,0,0,0
623,CTC,2.5444,38,3,35
624,AAT,1.2654,27,1,26
625,GCA,0.8803,15,2,13
626,GGT,0.9396,14,1,13
627,GAT,0.4298,6,0,6
628,GAA,0.3773,2,0,2
629,TTG,2.2482,36,2,34
630,ATG,0.593,8,0,8
631,AAG,2.1112,42,1,41
632,TTC,1.3332,32,1,31
633,TCC,2.3726,54,5,49
634,GGC,0.5749,10,0,10
635,ATT,0.4197,3,0,3
636,CTT,2.2274,41,4,37
637,TCT,1.9614,49,4,45
638,GGT,1.0083,18,1,17
639,TCG,1.9681,42,2,40
640,CTT,1.7881,40,4,36
641,TCT,1.9593,49,4,45
642,TAT,1.2857,27,0,27
643,ATC,0.6922,9,1,8
644,TTC,1.5143,29,1,28
645,GGC,0.5437,7,0,7
646,AAG,2.1078,40,1,39
647,TTA,1.2209,27,1,26
648,GAC,1.3189,23,1,22
649,GAA,0.0,0,0,0
650,GGC,1.2956,10,0,10
651,ATG,0.6379,5,0,5
652,AGT,2.1792,47,3,44
653,TTC,1.4304,33,1,32
654,TCC,2.3487,54,5,49
655,GAG,1.3071,32,1,31
656,GCG,0.2755,3,0,3
657,ACC,1.0097,11,0,11
658,ACG,1.6719,34,1,33
659,CTG,0.0,0,0,0
660,GCG,1.1311,2,0,2
661,CGG,2.5263,52,2,50
662,GAA,0.0716,1,0,1
663,ATG,1.1052,5,0,5
664,GGT,1.2168,17,1,16
665,TAT,1.3815,27,0,27
666,ACC,0.7159,12,0,12
667,GAA,0.2445,2,0,2
668,CCG,1.5563,13,0,13
669,GAC,1.2845,22,1,21
670,CCG,0.9152,17,0,17
671,CGA,2.8627,58,3,55
672,GAT,0.4733,5,0,5
673,GAT,0.0,0,0,0
674,CTT,2.2689,44,4,40
675,TCT,1.954,49,4,45
676,GGT,1.0107,18,1,17
677,ATG,0.6194,8,0,8
678,GAT,0.6437,5,0,5
679,GTG,0.7096,5,0,5
680,GCG,0.5197,4,0,4
681,CGT,1.3112,20,1,19
682,AAA,0.4767,6,0,6
683,CTA,2.7052,57,5,52
684,TTG,1.4851,30,2,28
685,ATT,0.2859,2,0,2
686,CTC,1.9852,37,3,34
687,GCT,0.9896,21,3,18
688,CGT,1.0506,20,1,19
689,GAA,0.0,0,0,0
690,ACG,2.1941,34,1,33
691,GGA,2.0426,47,3,44
692,CGT,1.0146,20,1,19
693,GAA,0.0,0,0,0
694,CTG,0.4923,1,0,1
695,GAG,2.3417,30,1,29
696,CTG,0.0,0,0,0
697,GCG,1.1634,2,0,2
698,GAT,0.7277,4,0,4
699,ATT,0.6834,4,0,4
700,GAA,0.3065,1,0,1
701,ATT,0.8642,2,0,2
702,GAA,0.3142,1,0,1
703,CCT,2.7318,48,2,46
704,GTG,0.3116,5,0,5
705,CTG,0.1067,1,0,1
706,CCC,3.2031,54,3,51
707,GCA,0.8073,13,2,11
708,GAG,1.5476,31,1,30
709,TTT,0.9694,17,0,17
710,AAC,1.0401,19,0,19
711,GCC,0.6641,12,1,11
712,GAG,1.4482,32,1,31
713,GGT,0.96,16,1,15
714,GAT,0.4424,6,0,6
715,GTT,1.4737,20,1,19
716,GCC,0.8134,12,1,11
717,GCT,0.9832,18,3,15
718,TTT,0.8117,15,0,15
719,ATG,0.4879,6,0,6
720,GCG,0.5712,4,0,4
721,AAT,1.5778,23,1,22
722,CTG,0.0,0,0,0
723,TCA,3.2728,55,5,50
724,CAA,1.2555,25,1,24
725,CTC,1.607,37,3,34
726,GAC,1.1108,23,1,22
727,GAT,0.3823,6,1,5
728,CTC,2.1266,39,3,36
729,TTT,0.798,15,0,15
730,GCC,0.852,13,1,12
731,GCG,0.4045,4,1,3
732,CGC,1.3094,19,0,19
733,GTG,0.4675,5,0,5
734,GCG,0.5213,4,0,4
735,AAG,2.169,40,1,39
736,GCC,0.6101,10,1,9
737,CGT,1.0879,21,1,20
738,GAT,0.4907,8,0,8
739,GAA,0.3754,2,0,2
740,GGA,2.9519,53,3,50
741,AAA,0.5547,8,0,8
742,GTT,1.3004,18,1,17
743,TTG,1.6522,36,2,34
744,CGC,0.9753,17,0,17
745,TAT,1.2677,22,0,22
746,GTT,1.1336,21,1,20
747,GGC,0.8188,13,0,13
748,AAT,1.4437,23,1,22
749,ATT,0.1821,2,0,2
750,GAT,0.8654,7,0,7
751,GAA,0.3588,2,0,2
752,GAT,1.0886,5,0,5
753,GGC,0.9812,10,0,10
754,GTC,1.6751,33,3,30
755,TGC,2.3821,56,1,55
756,CGC,1.029,19,1,18
757,GTG,0.4648,5,0,5
758,AAG,2.0764,40,1,39
759,ATT,0.2915,4,0,4
760,GCC,1.1296,13,1,12
761,GAA,0.1886,2,0,2
762,GTG,1.0057,3,0,3
763,GAT,0.5662,5,0,5
764,GGT,1.2365,17,1,16
765,AAT,1.2921,22,1,21
766,GAT,0.3726,4,0,4
767,CCG,1.2085,16,0,16
768,CTG,0.0,0,0,0
769,TTC,2.386,31,1,30
770,AAA,0.5228,6,0,6
771,GTG,0.5954,4,0,4
772,AAA,0.5961,6,0,6
773,AAT,1.5038,22,1,21
774,GGC,0.6443,11,0,11
775,GAA,0.2421,1,0,1
776,AAC,1.5574,15,0,15
777,GCC,0.6833,12,1,11
778,CTG,0.0,0,0,0
779,GCC,1.6707,12,1,11
780,TTC,1.3688,27,1,26
781,TAT,1.2896,25,0,25
782,AGC,1.4006,26,0,26
783,CAC,2.1683,49,1,48
784,TAT,1.2307,25,0,25
785,TAT,0.6967,10,0,10
786,CAG,0.5683,7,0,7
787,CCG,1.1175,14,0,14
788,CTG,0.0,0,0,0
789,CCG,1.7978,17,0,17
790,TTG,1.6461,35,2,33
791,GTA,1.6172,36,3,33
792,CTG,0.0,0,0,0
793,CGC,1.796,16,0,16
794,GGA,2.1176,49,3,46
795,TAT,1.4114,27,0,27
796,GGT,1.0138,18,1,17
797,GCG,0.3662,4,0,4
798,GGC,0.937,9,0,9
799,AAT,1.4604,23,1,22
800,GAC,1.1963,23,1,22
801,GTT,0.9804,18,1,17
802,ACA,2.1256,48,3,45
803,GCT,0.984,16,3,13
804,GCC,0.7669,12,2,10
805,GGT,0.904,13,1,12
806,GTC,1.4666,32,2,30
807,TTT,0.8822,14,0,14
808,GCT,0.9098,15,2,13
809,GAT,0.3921,5,0,5
810,CTG,0.2784,1,0,1
811,CTA,3.3188,56,5,51
812,CGT,0.9612,15,0,15
813,ACC,0.6667,12,0,12
814,CTC,1.7709,38,3,35
815,TCA,2.1859,53,5,48
816,TGG,1.3888,28,0,28
817,AAG,1.9168,43,1,42
818,TTA,1.2107,27,1,26
819,GGA,2.327,51,3,48
820,GTC,1.4345,32,2,30
821,TGA,4.2596,62,1,61
