pos,wt,best_delta,n_better
1,ATG,0.8932,6
2,CGA,3.3679,57
3,GTG,0.7775,4
4,TTG,2.0526,38
5,AAG,2.25,44
6,TTC,1.7367,29
7,GGC,0.9765,4
8,GGT,1.052,10
9,ACA,2.6047,52
10,TCA,2.6565,52
11,GTG,0.8077,4
12,GCA,1.5001,24
13,AAT,1.5458,26
14,GCA,1.5028,23
15,GAA,0.3991,1
16,CGT,1.8219,18
17,TTT,1.2167,15
18,CTG,0.0,0
19,CGT,1.9792,17
20,GTT,1.5737,26
21,GCC,1.1939,13
22,GAT,1.3251,18
23,ATT,1.3462,17
24,CTG,0.0,0
25,GAA,1.368,3
26,AGC,1.713,17
27,AAT,1.4505,23
28,GCC,1.248,16
29,AGG,4.1051,60
30,CAG,0.8905,4
31,GGG,1.9121,35
32,CAG,0.9159,8
33,GTG,0.9189,7
34,GCC,1.1304,12
35,ACC,0.9518,8
36,GTC,1.3668,20
37,CTC,2.0891,38
38,TCT,2.5594,48
39,GCC,1.1297,12
40,CCC,2.675,53
41,GCC,1.1888,14
42,AAA,0.5297,2
43,ATC,1.6171,16
44,ACC,0.8762,6
45,AAC,1.0497,9
46,CAC,2.1187,37
47,CTG,0.0,0
48,GTG,1.6641,7
49,GCG,0.5687,4
50,ATG,1.1228,8
51,ATT,1.1692,12
52,GAA,0.3088,2
53,AAA,0.9707,2
54,ACC,1.2714,8
55,ATT,1.1345,12
56,AGC,1.4636,22
57,GGC,0.9795,8
58,CAG,0.8286,5
59,GAT,1.2285,15
60,GCT,2.0611,34
61,TTA,1.9266,34
62,CCC,2.5798,53
63,AAT,1.5906,24
64,ATC,1.3043,17
65,AGC,1.3733,20
66,GAT,1.1641,13
67,GCC,1.3567,16
68,GAA,0.5606,2
69,CGT,1.909,23
70,ATT,1.2774,17
71,TTT,1.2568,17
72,GCC,1.271,15
73,GAA,0.4728,2
74,CTT,2.4802,38
75,TTG,2.0135,33
76,ACG,1.7922,30
77,GGA,2.104,38
78,CTC,2.2248,42
79,GCC,1.2341,18
80,GCC,0.3751,1
81,GCC,0.229,1
82,CAG,0.8542,6
83,CCG,1.1533,15
84,GGG,1.9023,35
85,TTC,1.6958,29
86,CCG,1.2312,17
87,CTG,0.0,0
88,GCG,1.3183,2
89,CAA,1.7227,23
90,TTG,1.88,32
91,AAA,0.6117,3
92,ACT,2.7365,47
93,TTC,1.8808,33
94,GTC,1.5216,25
95,GAT,1.3265,16
96,CAG,1.0863,5
97,GAA,0.3887,2
98,TTT,1.7844,18
99,GCC,1.2957,13
100,CAA,1.5526,24
101,ATA,2.9538,56
102,AAA,0.4697,1
103,CAT,2.2772,36
104,GTC,1.5311,23
105,CTG,0.0,0
106,CAT,2.7673,35
107,GGC,1.1321,10
108,ATT,1.2184,13
109,AGT,2.3238,45
110,TTG,2.0727,34
111,TTG,1.0956,13
112,GGG,1.8487,32
113,CAG,0.9925,7
114,TGC,2.3803,48
115,CCG,1.3553,17
116,GAT,1.236,14
117,AGC,1.3876,16
118,ATC,1.1984,13
119,AAC,0.9018,8
120,GCT,1.9234,32
121,GCG,0.6544,3
122,CTG,0.1636,1
123,ATT,2.0171,16
124,TGC,2.3404,47
125,CGT,1.4751,23
126,GGC,1.0187,6
127,GAG,1.3006,17
128,AAA,0.6094,4
129,ATG,1.1722,7
130,TCG,2.5184,48
131,ATC,1.2223,16
132,GCC,1.1448,13
133,ATT,1.2433,14
134,ATG,0.8874,6
135,GCC,1.321,15
136,GGC,0.9362,6
137,GTA,1.8707,33
138,TTA,1.8981,32
139,GAA,0.5721,1
140,GCG,1.0157,3
141,CGC,1.3412,10
142,GGT,1.1125,12
143,CAC,2.1448,40
144,AAC,1.0687,9
145,GTT,1.4817,24
146,ACT,2.494,47
147,GTT,1.5861,27
148,ATC,1.1417,15
149,GAT,1.2153,17
150,CCG,1.3746,13
151,GTC,1.4388,23
152,GAA,0.564,1
153,AAA,1.0385,2
154,CTG,0.3977,1
155,CTG,0.0,0
156,GCA,2.2617,25
157,GTG,0.9288,9
158,GGG,1.9462,32
159,CAT,2.0175,38
160,TAC,2.0095,38
161,CTC,2.0428,41
162,GAA,0.6557,1
163,TCT,2.8709,48
164,ACC,1.0998,10
165,GTC,1.4481,20
166,GAT,1.2666,17
167,ATT,1.36,16
168,GCT,1.9295,34
169,GAG,1.3672,19
170,TCC,2.2946,43
171,ACC,0.9203,6
172,CGC,1.1137,10
173,CGT,1.3176,18
174,ATT,1.3553,18
175,GCG,0.8199,4
176,GCA,1.7966,24
177,AGC,1.296,19
178,CGC,1.0877,12
179,ATT,1.2134,13
180,CCG,1.2024,15
181,GCT,1.9865,33
182,GAT,1.1603,15
183,CAC,2.1551,36
184,ATG,0.8094,4
185,GTG,1.05,7
186,CTG,0.0515,1
187,ATG,1.7405,7
188,GCA,1.5091,22
189,GGT,1.122,11
190,TTC,1.9366,35
191,ACC,0.9969,8
192,GCC,1.2055,12
193,GGT,1.2873,14
194,AAT,1.61,26
195,GAA,0.438,1
196,AAA,0.9127,2
197,GGC,1.0778,5
198,GAA,0.4269,2
199,CTG,0.5187,1
200,GTG,1.6374,5
201,GTG,0.0211,1
202,CTT,2.1265,38
203,GGA,2.0361,37
204,CGC,0.9469,7
205,AAC,0.9841,8
206,GGT,1.1058,9
207,TCC,2.4711,46
208,GAC,1.3226,18
209,TAC,2.0515,37
210,TCT,2.3757,48
211,GCT,1.8904,35
212,GCG,0.6641,3
213,GTG,1.0977,4
214,CTG,0.0,0
215,GCT,2.6535,33
216,GCC,1.2622,13
217,TGT,2.9241,55
218,TTA,1.8938,30
219,CGC,1.153,11
220,GCC,1.1925,13
221,GAT,1.1633,12
222,TGT,2.9142,55
223,TGC,2.5794,51
224,GAG,1.3368,20
225,ATT,1.099,14
226,TGG,1.6214,27
227,ACG,1.8542,29
228,GAC,1.318,17
229,GTT,1.5782,25
230,GAC,1.4335,20
231,GGG,2.1332,39
232,GTC,1.3781,22
233,TAT,1.8386,28
234,ACC,1.2071,11
235,TGC,2.5362,47
236,GAC,1.1519,11
237,CCG,1.1445,14
238,CGT,1.3853,22
239,CAG,0.9114,5
240,GTG,0.7924,5
241,CCC,2.6104,51
242,GAT,1.3438,13
243,GCG,0.9736,4
244,AGG,4.1858,61
245,TTG,2.0899,35
246,TTG,1.13,13
247,AAG,2.3141,44
248,TCG,2.441,48
249,ATG,0.9756,6
250,TCC,2.4485,47
251,TAC,2.0655,39
252,CAG,0.9106,5
253,GAA,0.4555,2
254,GCG,1.0814,3
255,ATG,1.1433,7
256,GAG,1.4756,22
257,CTT,1.8692,36
258,TCC,2.3488,45
259,TAC,1.9558,38
260,TTC,1.8479,33
261,GGC,0.9294,6
262,GCT,1.8175,29
263,AAA,0.4887,2
264,GTT,1.8864,26
265,CTT,2.1546,41
266,CAC,2.0163,37
267,CCC,2.6796,54
268,CGC,1.1274,11
269,ACC,1.0458,11
270,ATT,1.0819,11
271,ACC,0.9373,9
272,CCC,2.7133,54
273,ATC,1.2249,15
274,GCC,1.0775,13
275,CAG,0.8754,7
276,TTC,1.7893,29
277,CAG,0.9032,5
278,ATC,1.1916,16
279,CCT,2.5313,52
280,TGC,2.399,49
281,CTG,0.0,0
282,ATT,1.9418,16
283,AAA,0.5482,3
284,AAT,1.7419,20
285,ACC,0.9948,9
286,GGA,1.8947,32
287,AAT,1.4197,25
288,CCT,2.5851,52
289,CAA,1.5049,26
290,GCA,1.5026,25
291,CCA,2.0723,41
292,GGT,0.9299,9
293,ACG,1.8584,30
294,CTC,2.1157,40
295,ATT,1.2114,13
296,GGT,0.9593,10
297,GCC,1.213,17
298,AGC,1.3272,19
299,CGT,1.2767,17
300,GAT,1.0684,11
301,GAA,0.5072,2
302,GAC,1.828,19
303,GAA,0.4842,1
304,TTA,2.4705,36
305,CCG,1.188,16
306,GTC,1.365,22
307,AAG,2.3262,46
308,GGC,0.8714,5
309,ATT,1.1464,13
310,TCC,2.143,43
311,AAT,1.3878,25
312,CTG,0.0,0
313,AAT,2.1403,24
314,AAC,0.9412,8
315,ATG,0.8743,5
316,GCA,1.538,24
317,ATG,0.8375,6
318,TTC,1.9696,33
319,AGC,1.3147,20
320,GTT,1.5639,26
321,TCT,2.4777,48
322,GGT,0.946,9
323,CCG,1.2466,19
324,GGG,2.0916,41
325,ATG,0.8861,5
326,AAA,0.503,3
327,GGG,2.4877,42
328,ATG,0.8848,5
329,GTC,1.5413,25
330,GGC,0.9396,5
331,ATG,0.7865,5
332,GCG,0.6434,4
333,GCG,0.0,0
334,CGC,1.2219,7
335,GTC,1.4321,22
336,TTT,1.3434,19
337,GCA,1.4359,22
338,GCG,0.7016,4
339,ATG,1.1425,4
340,TCA,2.5919,50
341,CGC,1.0157,11
342,GCC,1.1841,14
343,CGT,1.3565,20
344,ATT,1.2105,15
345,TCC,2.1434,43
346,GTG,0.9591,9
347,GTG,0.1077,1
348,CTG,0.0,0
349,ATT,1.9486,16
350,ACG,1.7901,30
351,CAA,1.5291,27
352,TCA,2.6028,52
353,TCT,2.4697,51
354,TCC,2.2501,45
355,GAA,0.3549,1
356,TAC,2.5665,40
357,AGC,1.3182,22
358,ATC,1.1668,15
359,AGT,2.2985,46
360,TTC,2.0004,32
361,TGC,2.4949,49
362,GTT,1.5124,26
363,CCA,2.1644,42
364,CAA,1.4223,26
365,AGC,1.3113,19
366,GAC,1.365,21
367,TGT,2.8409,55
368,GTG,1.0026,7
369,CGA,3.2341,57
370,GCT,1.9122,35
371,GAA,0.4252,1
372,CGG,3.0476,51
373,GCA,1.499,24
374,ATG,0.8384,6
375,CAG,0.9498,6
376,GAA,0.3484,2
377,GAG,1.9083,22
378,TTC,1.8567,34
379,TAC,1.9717,35
380,CTG,0.0,0
381,GAA,1.2164,3
382,CTG,0.5537,1
383,AAA,1.2004,1
384,GAA,0.7985,2
385,GGC,1.3184,5
386,TTA,1.9299,34
387,CTG,0.0,0
388,GAG,2.1188,22
389,CCG,1.1883,18
390,CTG,0.0,0
391,GCA,2.2222,25
392,GTG,1.0632,12
393,ACG,1.8544,31
394,GAA,0.4381,1
395,CGG,3.0491,51
396,CTG,0.0,0
397,GCC,1.8282,13
398,ATT,1.1399,14
399,ATC,1.1655,15
400,TCG,2.3715,49
401,GTG,0.9577,9
402,GTA,1.9572,34
403,GGT,1.0313,8
404,GAT,1.1378,13
405,GGT,1.1523,10
406,ATG,0.7256,5
407,CGC,1.1364,11
408,ACC,1.0512,11
409,TTG,1.8305,29
410,CGT,1.2518,19
411,GGG,2.1761,41
412,ATC,1.1695,15
413,TCG,2.3717,49
414,GCG,0.6549,3
415,AAA,0.7633,3
416,TTC,2.2257,31
417,TTT,1.2885,18
418,GCC,1.2925,17
419,GCA,1.4531,22
420,CTG,0.0,0
421,GCC,1.8291,13
422,CGC,1.0053,9
423,GCC,1.1933,14
424,AAT,1.5779,26
425,ATC,1.1848,15
426,AAC,0.9203,8
427,ATT,1.117,11
428,GTC,1.38,22
429,GCC,1.3046,18
430,ATT,1.1342,13
431,GCT,1.8395,32
432,CAG,0.9544,7
433,GGA,1.8347,33
434,TCT,2.486,50
435,TCT,1.4398,26
436,GAA,0.3027,1
437,CGC,1.4665,8
438,TCA,2.5682,51
439,ATC,1.2503,16
440,TCT,2.356,48
441,GTC,1.3806,24
442,GTG,1.0511,8
443,GTA,1.9559,34
444,AAT,1.4284,24
445,AAC,0.9418,8
446,GAT,1.1453,12
447,GAT,0.2804,1
448,GCG,0.8096,4
449,ACC,1.2605,9
450,ACT,2.323,44
451,GGC,0.9251,6
452,GTG,0.9794,8
453,CGC,0.95,8
454,GTT,1.545,26
455,ACT,2.4085,46
456,CAT,1.9787,38
457,CAG,1.0085,6
458,ATG,0.7895,5
459,CTG,0.0,0
460,TTC,2.5838,30
461,AAT,1.4619,25
462,ACC,1.0016,9
463,GAT,1.1346,12
464,CAG,1.027,6
465,GTT,1.503,26
466,ATC,1.1718,15
467,GAA,0.3978,2
468,GTG,1.4819,9
469,TTT,1.2589,17
470,GTG,1.1286,12
471,ATT,1.186,15
472,GGC,0.8923,8
473,GTC,1.3703,22
474,GGT,1.1332,12
475,GGC,0.8891,6
476,GTT,1.5275,26
477,GGC,0.9699,7
478,GGT,0.9693,7
479,GCG,0.6238,4
480,CTG,0.2294,1
481,CTG,0.0,0
482,GAG,2.1144,22
483,CAA,1.4701,26
484,CTG,0.0,0
485,AAG,3.1068,46
486,CGT,1.2455,18
487,CAG,0.9349,7
488,CAA,1.4319,24
489,AGC,1.3143,19
490,TGG,1.6302,27
491,CTG,0.0,0
492,AAG,3.1062,46
493,AAT,1.3723,23
494,AAA,0.4739,2
495,CAT,2.3737,36
496,ATC,1.2111,14
497,GAC,1.2359,20
498,TTA,2.007,35
499,CGT,1.2435,19
500,GTC,1.4857,24
501,TGC,2.4345,47
502,GGT,1.0432,11
503,GTT,1.4501,23
504,GCC,1.2118,16
505,AAC,1.0157,11
506,TCG,2.4949,48
507,AAG,2.235,45
508,GCT,1.8526,35
509,CTG,0.0,0
510,CTC,2.7221,37
511,ACC,1.0863,8
512,AAT,1.4042,23
513,GTA,1.9059,32
514,CAT,1.9846,35
515,GGC,1.0228,7
516,CTT,2.0148,37
517,AAT,1.4561,23
518,CTG,0.0,0
519,GAA,1.2035,3
520,AAC,1.4562,7
521,TGG,1.635,27
522,CAG,0.9435,7
523,GAA,0.3427,2
524,GAA,0.0,0
525,CTG,0.5578,1
526,GCG,1.1868,1
527,CAA,1.7124,24
528,GCC,1.2919,17
529,AAA,0.4994,3
530,GAG,1.766,23
531,CCG,1.1836,18
532,TTT,1.2826,19
533,AAT,1.4729,23
534,CTC,2.1368,42
535,GGG,2.166,42
536,CGC,0.9044,6
537,TTA,1.9357,35
538,ATT,1.1578,15
539,CGC,0.978,11
540,CTC,2.126,42
541,GTG,1.1139,11
542,AAA,0.4869,3
543,GAA,0.7953,2
544,TAT,2.3306,31
545,CAT,2.1009,37
546,CTG,0.0,0
547,CTG,0.0,0
548,AAC,1.7219,10
549,CCG,1.2404,16
550,GTC,1.3669,22
551,ATT,1.1812,13
552,GTT,1.4514,24
553,GAC,1.3154,20
554,TGC,2.3328,46
555,ACT,2.3362,46
556,TCC,2.2587,45
557,AGC,1.1929,17
558,CAG,0.9046,7
559,GCA,1.3312,21
560,GTG,1.0595,12
561,GCG,0.6208,4
562,GAT,1.5013,15
563,CAA,1.6024,25
564,TAT,1.8311,28
565,GCC,1.3914,19
566,GAC,1.4069,21
567,TTC,1.918,33
568,CTG,0.0,0
569,CGC,1.7012,7
570,GAA,0.4105,2
571,GGT,1.5593,11
572,TTC,1.9443,35
573,CAC,2.0578,40
574,GTT,1.534,27
575,GTC,1.4608,25
576,ACG,1.8719,29
577,CCG,1.2781,19
578,AAC,1.0209,11
579,AAA,0.5872,3
580,AAG,2.7698,48
581,GCC,1.2119,17
582,AAC,1.0182,11
583,ACC,1.0872,9
584,TCG,2.3354,46
585,TCG,1.511,26
586,ATG,0.8147,4
587,GAT,1.2411,13
588,TAC,2.1832,41
589,TAC,1.1175,14
590,CAT,1.969,39
591,CAG,1.0064,6
592,TTG,1.8011,30
593,CGT,1.2536,19
594,TAT,1.8378,29
595,GCG,0.676,3
596,GCG,0.0,0
597,GAA,0.7043,2
598,AAA,1.0109,2
599,TCG,2.7486,48
600,CGG,2.4974,50
601,CGT,1.2513,18
602,AAA,0.5093,3
603,TTC,2.2212,31
604,CTC,2.0897,41
605,TAT,1.9327,33
606,GAC,1.4567,23
607,ACC,1.0449,11
608,AAC,1.0312,9
609,GTT,1.517,25
610,GGG,2.1521,40
611,GCT,1.8444,32
612,GGA,1.9352,34
613,TTA,1.9298,33
614,CCG,1.1901,16
615,GTT,1.5793,26
616,ATT,1.1466,14
617,GAG,1.3495,21
618,AAC,0.899,8
619,CTG,0.0,0
620,CAA,2.1467,23
621,AAT,1.4451,24
622,CTG,0.0,0
623,CTC,2.7217,37
624,AAT,1.5457,24
625,GCA,1.4873,25
626,GGT,0.9738,9
627,GAT,1.1371,13
628,GAA,0.5067,2
629,TTG,2.3679,32
630,ATG,0.8751,4
631,AAG,2.3368,44
632,TTC,1.8395,32
633,TCC,2.2381,43
634,GGC,0.9411,7
635,ATT,1.1489,13
636,CTT,1.9741,39
637,TCT,2.5736,50
638,GGT,0.947,9
639,TCG,2.4718,48
640,CTT,1.8805,35
641,TCT,2.5819,50
642,TAT,1.7193,29
643,ATC,1.2977,15
644,TTC,1.8506,34
645,GGC,0.9373,6
646,AAG,2.3006,44
647,TTA,1.8503,34
648,GAC,1.3522,22
649,GAA,0.4932,1
650,GGC,1.3197,5
651,ATG,0.7784,5
652,AGT,2.3185,43
653,TTC,2.0006,32
654,TCC,2.2378,43
655,GAG,1.3274,21
656,GCG,0.6144,4
657,ACC,1.2804,9
658,ACG,1.9081,33
659,CTG,0.0,0
660,GCG,1.1397,1
661,CGG,2.9311,53
662,GAA,0.4568,1
663,ATG,1.2776,4
664,GGT,0.9615,7
665,TAT,1.8158,29
666,ACC,1.0877,9
667,GAA,0.405,2
668,CCG,1.7485,17
669,GAC,1.3343,20
670,CCG,1.2416,17
671,CGA,3.2264,57
672,GAT,1.0442,12
673,GAT,0.2792,1
674,CTT,2.107,37
675,TCT,2.5835,50
676,GGT,0.9458,9
677,ATG,0.7238,5
678,GAT,1.2373,13
679,GTG,1.1927,12
680,GCG,0.6282,4
681,CGT,1.5524,18
682,AAA,0.5146,3
683,CTA,3.7503,58
684,TTG,1.7719,29
685,ATT,1.0378,13
686,CTC,2.0655,42
687,GCT,1.8609,29
688,CGT,1.3241,21
689,GAA,0.5121,2
690,ACG,2.3148,30
691,GGA,1.9779,34
692,CGT,1.3416,21
693,GAA,0.5092,2
694,CTG,0.5514,1
695,GAG,2.1139,22
696,CTG,0.0,0
697,GCG,1.1913,1
698,GAT,1.477,15
699,ATT,1.3207,16
700,GAA,0.3136,2
701,ATT,1.5622,12
702,GAA,0.3133,2
703,CCT,3.0812,53
704,GTG,0.9546,8
705,CTG,0.0,0
706,CCC,3.4746,54
707,GCA,1.4251,23
708,GAG,1.3754,22
709,TTT,1.1688,17
710,AAC,1.0368,8
711,GCC,1.2222,15
712,GAG,1.2744,17
713,GGT,0.9216,9
714,GAT,1.1396,13
715,GTT,1.6263,26
716,GCC,1.2127,16
717,GCT,1.9161,33
718,TTT,1.1796,14
719,ATG,0.9506,5
720,GCG,0.6478,4
721,AAT,1.6292,22
722,CTG,0.0,0
723,TCA,3.3306,52
724,CAA,1.5231,26
725,CTC,2.1806,42
726,GAC,1.4167,21
727,GAT,1.2197,15
728,CTC,2.2123,42
729,TTT,1.2697,16
730,GCC,1.2892,17
731,GCG,0.5823,4
732,CGC,1.2309,7
733,GTG,0.9712,8
734,GCG,0.6042,4
735,AAG,2.6348,45
736,GCC,1.2132,17
737,CGT,1.3593,20
738,GAT,1.0698,11
739,GAA,0.5081,2
740,GGA,2.4156,34
741,AAA,0.491,2
742,GTT,1.8927,26
743,TTG,1.9084,31
744,CGC,0.928,6
745,TAT,1.7123,27
746,GTT,1.6302,27
747,GGC,0.9571,7
748,AAT,1.3903,23
749,ATT,1.1525,13
750,GAT,1.1418,14
751,GAA,0.512,2
752,GAT,1.5944,13
753,GGC,1.1516,10
754,GTC,1.3717,22
755,TGC,2.4381,47
756,CGC,1.0054,9
757,GTG,0.9796,8
758,AAG,2.3284,47
759,ATT,1.0856,12
760,GCC,1.1231,13
761,GAA,0.4787,2
762,GTG,1.4796,9
763,GAT,1.1733,14
764,GGT,1.1514,11
765,AAT,1.4591,24
766,GAT,1.1668,14
767,CCG,1.2977,14
768,CTG,0.0,0
769,TTC,2.5737,29
770,AAA,0.5381,2
771,GTG,1.3727,8
772,AAA,0.4858,3
773,AAT,1.7416,20
774,GGC,0.8985,7
775,GAA,0.3276,2
776,AAC,1.4594,7
777,GCC,1.2205,15
778,CTG,0.0,0
779,GCC,1.8301,13
780,TTC,1.8574,28
781,TAT,1.7973,30
782,AGC,1.3733,18
783,CAC,1.911,34
784,TAT,1.8367,31
785,TAT,0.9457,4
786,CAG,1.0905,10
787,CCG,1.1222,15
788,CTG,0.0,0
789,CCG,1.8618,14
790,TTG,1.8156,29
791,GTA,1.8635,32
792,CTG,0.0,0
793,CGC,1.6966,7
794,GGA,1.857,31
795,TAT,1.7862,29
796,GGT,1.1484,12
797,GCG,0.6095,4
798,GGC,1.1857,6
799,AAT,1.3892,23
800,GAC,1.291,20
801,GTT,1.5185,25
802,ACA,2.6113,53
803,GCT,1.9504,32
804,GCC,1.243,18
805,GGT,1.0743,12
806,GTC,1.4816,26
807,TTT,1.3441,19
808,GCT,1.836,28
809,GAT,1.1919,15
810,CTG,0.0,0
811,CTA,4.1435,58
812,CGT,1.2764,17
813,ACC,1.0525,10
814,CTC,2.1185,40
815,TCA,2.5628,50
816,TGG,1.6772,28
817,AAG,2.3569,44
818,TTA,1.85,34
819,GGA,1.9473,37
820,GTC,1.4681,26
821,TGA,4.2538,62
